{
  "anvil_cost": 2,
  "description": "hunger lunge",
  "effects": {
    "minecraft:post_piercing_attack": [
      {
        "effect": {
          "type": "minecraft:all_of",
          "effects": [
            {
              "type": "minecraft:apply_mob_effect",
              "to_apply": "minecraft:hunger",
              "min_duration": 1,
              "max_duration": 1,
              "min_amplifier": 140,
              "max_amplifier": 140
            },
            {
              "type": "minecraft:apply_impulse",
              "coordinate_scale": [
                1,
                0,
                1
              ],
              "direction": [
                0,
                0,
                1
              ],
              "magnitude": {
                "type": "minecraft:linear",
                "base": 0.458,
                "per_level_above_first": 0.458
              }
            },
            {
              "type": "minecraft:play_sound",
              "pitch": 1,
              "sound": [
                "minecraft:item.spear.lunge_1",
                "minecraft:item.spear.lunge_2",
                "minecraft:item.spear.lunge_3"
              ],
              "volume": 1
            }
          ]
        },
        "requirements": {
          "condition": "minecraft:all_of",
          "terms": [
            {
              "condition": "minecraft:inverted",
              "term": {
                "condition": "minecraft:entity_properties",
                "entity": "this",
                "predicate": {
                  "vehicle": {}
                }
              }
            },
            {
              "condition": "minecraft:entity_properties",
              "entity": "this",
              "predicate": {
                "flags": {
                  "is_fall_flying": false
                }
              }
            },
            {
              "condition": "minecraft:entity_properties",
              "entity": "this",
              "predicate": {
                "flags": {
                  "is_in_water": false
                }
              }
            }
          ]
        }
      }
    ]
  },
  "exclusive_set": "#minecraft:exclusive_set/lunge",
  "max_cost": {
    "base": 25,
    "per_level_above_first": 8
  },
  "max_level": 3,
  "min_cost": {
    "base": 5,
    "per_level_above_first": 8
  },
  "slots": [
    "hand"
  ],
  "supported_items": "#minecraft:enchantable/lunge",
  "weight": 5
}