{
  "additional_wants": {
    "id": "minecraft:compass"
  },
  "given_item_modifiers": [
    {
      "decoration": "minecraft:village_desert",
      "destination": "minecraft:on_desert_village_maps",
      "function": "minecraft:exploration_map",
      "search_radius": 100
    },
    {
      "function": "minecraft:set_name",
      "name": {
        "translate": "filled_map.village_desert"
      },
      "target": "item_name"
    },
    {
      "function": "minecraft:filtered",
      "item_filter": {
        "items": "minecraft:filled_map",
        "predicates": {
          "minecraft:map_id": {}
        }
      },
      "on_fail": {
        "function": "minecraft:discard"
      }
    }
  ],
  "gives": {
    "count": 1,
    "id": "minecraft:map"
  },
  "max_uses": 12.0,
  "merchant_predicate": {
    "condition": "minecraft:entity_properties",
    "entity": "this",
    "predicate": {
      "predicates": {
        "minecraft:villager/variant": [
          "minecraft:savanna",
          "minecraft:jungle"
        ]
      }
    }
  },
  "reputation_discount": 0.05,
  "wants": {
    "count": 8.0,
    "id": "minecraft:emerald"
  },
  "xp": 5.0
}