{
  "wants": {
    "id": "minecraft:emerald",
    "count": 1
  },
  "gives": {
    "id": "minecraft:brown_mushroom",
    "components": {
      "minecraft:lore": [
        {
          "text": "Swamp Villager only trade"
        }
      ]
    },
    "count": 3
  },
  "merchant_predicate": {
    "condition": "minecraft:entity_properties",
    "entity": "this",
    "predicate": {
      "components": {
        "minecraft:villager/variant": "minecraft:swamp"
      }
    }
  }
}