{
  "attributes": {
    "minecraft:audio/ambient_sounds": {
      "additions": {
        "sound": "minecraft:ambient.nether_wastes.additions",
        "tick_chance": 0.0111
      },
      "loop": "minecraft:ambient.nether_wastes.loop",
      "mood": {
        "block_search_extent": 8,
        "offset": 2.0,
        "sound": "minecraft:ambient.nether_wastes.mood",
        "tick_delay": 6000
      }
    },
    "minecraft:audio/background_music": {
      "default": {
        "max_delay": 24000,
        "min_delay": 12000,
        "sound": "minecraft:music.nether.nether_wastes"
      }
    },
    "minecraft:visual/fog_color": "#330808",
    "minecraft:gameplay/water_evaporates": false
  },
  "carvers": "minecraft:nether_cave",
  "downfall": 0.0,
  "effects": {
    "water_color": 4159204
  },
  "features": [
    [],
    [],
    [],
    [],
    [],
    [],
    [],
    [
      "minecraft:spring_open",
      "minecraft:patch_fire",
      "minecraft:patch_soul_fire",
      "minecraft:glowstone_extra",
      "minecraft:glowstone",
      "minecraft:brown_mushroom_nether",
      "minecraft:red_mushroom_nether",
      "minecraft:ore_magma",
      "minecraft:spring_closed",
      "minecraft:ore_gravel_nether",
      "minecraft:ore_blackstone",
      "minecraft:ore_gold_nether",
      "minecraft:ore_quartz_nether",
      "minecraft:ore_ancient_debris_large",
      "minecraft:ore_debris_small"
    ],
    [],
    [
      "minecraft:spring_lava",
      "minecraft:brown_mushroom_normal",
      "minecraft:red_mushroom_normal"
    ]
  ],
  "has_precipitation": false,
  "spawn_costs": {},
  "spawners": {
    "ambient": [],
    "axolotls": [],
    "creature": [
      {
        "type": "minecraft:strider",
        "maxCount": 2,
        "minCount": 1,
        "weight": 60
      }
    ],
    "misc": [],
    "monster": [
      {
        "type": "minecraft:ghast",
        "maxCount": 4,
        "minCount": 4,
        "weight": 50
      },
      {
        "type": "minecraft:zombified_piglin",
        "maxCount": 4,
        "minCount": 4,
        "weight": 100
      },
      {
        "type": "minecraft:magma_cube",
        "maxCount": 4,
        "minCount": 4,
        "weight": 2
      },
      {
        "type": "minecraft:enderman",
        "maxCount": 4,
        "minCount": 4,
        "weight": 1
      },
      {
        "type": "minecraft:piglin",
        "maxCount": 4,
        "minCount": 4,
        "weight": 15
      }
    ],
    "underground_water_creature": [],
    "water_ambient": [],
    "water_creature": []
  },
  "temperature": 2.0
}