{
  "additional_wants": {
    "id": "minecraft:compass"
  },
  "given_item_modifiers": [
    {
      "decoration": "minecraft:monument",
      "destination": "minecraft:on_ocean_explorer_maps",
      "function": "minecraft:exploration_map",
      "search_radius": 100
    },
    {
      "function": "minecraft:set_name",
      "name": {
        "translate": "filled_map.monument"
      },
      "target": "item_name"
    },
    {
      "function": "minecraft:filtered",
      "item_filter": {
        "items": "minecraft:filled_map",
        "predicates": {
          "minecraft:map_id": {}
        }
      },
      "on_fail": {
        "function": "minecraft:discard"
      }
    }
  ],
  "gives": {
    "count": 1,
    "id": "minecraft:map"
  },
  "max_uses": 12.0,
  "reputation_discount": 0.05,
  "wants": {
    "count": 13.0,
    "id": "minecraft:emerald"
  },
  "xp": 10.0
}