{
  "type": "minecraft:multi_action",
  "title": "Snapshot Datapack",
  "exit_action": {
    "label": "Exit"
  },
  "columns": 1,
  "actions": [
    {
      "label": "Mannequin Setup",
      "action": {
        "type": "minecraft:run_command",
        "command": "trigger mannequin_setup set 1"
      }
    },
    {
      "label": "Loot Setup",
      "action": {
        "type": "minecraft:run_command",
        "command": "trigger loot_visualizer set 1"
      }
    },
    {
      "label": "Biome Setup",
      "action": {
        "type": "minecraft:run_command",
        "command": "trigger biome_visualizer set 1"
      }
    }
  ]
}