{
  "anvil_cost": 2,
  "description": {
    "translate": "Propell"
  },
  "effects": {
    "minecraft:post_piercing_attack": [
      {
        "effect": {
          "type": "minecraft:all_of",
          "effects": [
            {
              "type": "minecraft:apply_impulse",
              "coordinate_scale": [
                1,
                1,
                1
              ],
              "direction": [
                0,
                1,
                1
              ],
              "magnitude": {
                "type": "minecraft:linear",
                "base": 1.458,
                "per_level_above_first": 0.458
              }
            },
            {
              "type": "minecraft:play_sound",
              "pitch": 1,
              "sound": [
                "minecraft:entity.breeze.jump"
              ],
              "volume": 1
            }
          ]
        },
        "requirements": {
          "condition": "minecraft:all_of",
          "terms": [
            {
              "condition": "minecraft:inverted",
              "term": {
                "condition": "minecraft:entity_properties",
                "entity": "this",
                "predicate": {
                  "vehicle": {}
                }
              }
            },
            {
              "condition": "minecraft:entity_properties",
              "entity": "this",
              "predicate": {
                "flags": {}
              }
            },
            {
              "condition": "minecraft:entity_properties",
              "entity": "this",
              "predicate": {
                "flags": {}
              }
            }
          ]
        }
      }
    ]
  },
  "max_cost": {
    "base": 25,
    "per_level_above_first": 8
  },
  "max_level": 3,
  "min_cost": {
    "base": 5,
    "per_level_above_first": 8
  },
  "slots": [
    "hand"
  ],
  "supported_items": "minecraft:stick",
  "weight": 5
}