{
  "given_item_modifiers": [
    {
      "function": "minecraft:set_random_dyes",
      "number_of_dyes": {
        "type": "minecraft:sum",
        "summands": [
          1.0,
          {
            "type": "minecraft:binomial",
            "n": 2.0,
            "p": 0.75
          }
        ]
      }
    },
    {
      "function": "minecraft:filtered",
      "item_filter": {
        "items": "minecraft:leather_boots",
        "predicates": {
          "minecraft:dyed_color": {}
        }
      },
      "on_fail": {
        "function": "minecraft:discard"
      }
    }
  ],
  "gives": {
    "count": 1,
    "id": "minecraft:leather_boots"
  },
  "max_uses": 12.0,
  "reputation_discount": 0.05,
  "wants": {
    "count": 4.0,
    "id": "minecraft:emerald"
  },
  "xp": 5.0
}