{
    "period_ticks": 24000,
    "tracks": {
        "minecraft:visual/sky_color": {
            "ease": "in_out_sine",
            "modifier": "override",
            "keyframes": [
                { "ticks": 0, "value": "#FF0000" },
                { "ticks": 6000, "value": "#00FF00" },
                { "ticks": 12000, "value": "#0000FF" },
                { "ticks": 18000, "value": "#FF00FF" },
                { "ticks": 23999, "value": "#FF0000" }   
            ]
        },
        "minecraft:visual/sun_angle": {
            "ease": "linear",
            "modifier": "add",
            "keyframes": [
                { "ticks": 0, "value": 0.0 },
                { "ticks": 24000, "value": 360.0 }
            ]
        },
        "minecraft:visual/moon_angle": {
            "ease": "in_bounce",
            "modifier": "add",
            "keyframes": [
                { "ticks": 0, "value": 0.0 },
                { "ticks": 2000, "value": 120.0 }
            ]
        },
        "minecraft:visual/cloud_color": {
            "ease": "out_quart",
            "modifier": "override",
            "keyframes": [
                { "ticks": 0, "value": "#FF000005" },
                { "ticks": 6000, "value": "#00FF0000" },
                { "ticks": 12000, "value": "#0000FF08" },
                { "ticks": 18000, "value": "#FF00FF00" },
                { "ticks": 23999, "value": "#FF000003" }
            ]
        },
        "minecraft:visual/fog_color": {
            "ease": "in_out_sine",
            "modifier": "override",
            "keyframes": [
                { "ticks": 0, "value": "#5BCEFA" },
                { "ticks": 6000, "value": "#F5A9B8" },
                { "ticks": 12000, "value": "#FFFFFF" },
                { "ticks": 18000, "value": "#F5A9B8" },
                { "ticks": 23999, "value": "#5BCEFA" }   
            ]
        },
        "minecraft:visual/cloud_height": {
            "ease": "linear",
            "modifier": "add",
            "keyframes": [
                { "ticks": 0, "value": -20.0 },
                { "ticks": 6000, "value": 0.0 },
                { "ticks": 11000, "value": 20.0 },
                { "ticks": 20000, "value": 80.0 },
                { "ticks": 24000, "value": 20.0 }
            ]
        }
    }
}