{
  "period_ticks": 24000,
  "tracks": {
    "minecraft:gameplay/baby_villager_activity": {
      "keyframes": [
        {
          "ticks": 10,
          "value": "minecraft:idle"
        },
        {
          "ticks": 3000,
          "value": "minecraft:play"
        },
        {
          "ticks": 6000,
          "value": "minecraft:idle"
        },
        {
          "ticks": 10000,
          "value": "minecraft:play"
        },
        {
          "ticks": 12000,
          "value": "minecraft:rest"
        }
      ]
    },
    "minecraft:gameplay/villager_activity": {
      "keyframes": [
        {
          "ticks": 10,
          "value": "minecraft:work"
        },
        {
          "ticks": 2000,
          "value": "minecraft:work"
        },
        {
          "ticks": 9000,
          "value": "minecraft:work"
        },
        {
          "ticks": 11000,
          "value": "minecraft:work"
        },
        {
          "ticks": 12000,
          "value": "minecraft:work"
        },
        {
          "ticks": 18000,
          "value": "minecraft:idle"
        },
        {
          "ticks": 24000,
          "value": "minecraft:work"
        }
      ]
    }
  }
}