{
  "natural": false,
  "ambient_light": 0,
  "attributes": {
    "minecraft:audio/ambient_sounds": {
      "mood": {
        "block_search_extent": 8,
        "offset": 2,
        "sound": "minecraft:ambient.cave",
        "tick_delay": 6000
      }
    },
    "minecraft:audio/background_music": {
      "creative": {
        "max_delay": 24000,
        "min_delay": 12000,
        "sound": "minecraft:music.creative"
      },
      "default": {
        "max_delay": 24000,
        "min_delay": 12000,
        "sound": "minecraft:music.game"
      }
    },
    "minecraft:gameplay/bed_rule": {
      "can_set_spawn": "always",
      "can_sleep": "when_dark",
      "error_message": {
        "translate": "block.minecraft.bed.no_sleep"
      }
    },
    "minecraft:gameplay/nether_portal_spawns_piglin": true,
    "minecraft:gameplay/respawn_anchor_works": false,
    "minecraft:visual/cloud_color": "#ccffffff",
    "minecraft:visual/cloud_height": 192.33,
    "minecraft:visual/fog_color": "#c0d8ff",
    "minecraft:visual/sky_color": "#78a7ff",
    "visual/sun_angle": 180,
    "visual/moon_angle": 180
  },
  "coordinate_scale": 1,
  "has_ceiling": false,
  "has_skylight": true,
  "height": 384,
  "infiniburn": "#minecraft:infiniburn_overworld",
  "logical_height": 384,
  "min_y": -64,
  "monster_spawn_block_light_limit": 0,
  "monster_spawn_light_level": {
    "type": "minecraft:uniform",
    "max_inclusive": 7,
    "min_inclusive": 0
  },
  "timelines": "#minecraft:custom"
}