{
  "given_item_modifiers": [
    {
      "effects": [
        {
          "type": "minecraft:night_vision",
          "duration": 100.0
        },
        {
          "type": "minecraft:jump_boost",
          "duration": 160.0
        },
        {
          "type": "minecraft:weakness",
          "duration": 140.0
        },
        {
          "type": "minecraft:blindness",
          "duration": 120.0
        },
        {
          "type": "minecraft:poison",
          "duration": 280.0
        },
        {
          "type": "minecraft:saturation",
          "duration": 7.0
        }
      ],
      "function": "minecraft:set_stew_effect"
    }
  ],
  "gives": {
    "count": 1,
    "id": "minecraft:suspicious_stew"
  },
  "max_uses": 12.0,
  "reputation_discount": 0.05,
  "wants": {
    "id": "minecraft:emerald"
  },
  "xp": 15.0
}