{
  "given_item_modifiers": [
    {
      "function": "minecraft:enchant_with_levels",
      "include_additional_cost_component": true,
      "levels": {
        "type": "minecraft:uniform",
        "max": 20.0,
        "min": 5.0
      },
      "options": "#minecraft:on_traded_equipment"
    },
    {
      "function": "minecraft:filtered",
      "item_filter": {
        "items": "minecraft:fishing_rod",
        "predicates": {
          "minecraft:enchantments": [
            {}
          ]
        }
      },
      "on_fail": {
        "function": "minecraft:discard"
      }
    }
  ],
  "gives": {
    "count": 1,
    "id": "minecraft:fishing_rod"
  },
  "max_uses": 3.0,
  "reputation_discount": 0.2,
  "wants": {
    "count": 3.0,
    "id": "minecraft:emerald"
  },
  "xp": 10.0
}