{
  "type": "minecraft:generic",
  "pools": [
    {
      "rolls": 1,
      "entries": [
        {
          "type": "minecraft:item",
          "name": "minecraft:music_disc_5",
          "functions": [
            {
              "function": "minecraft:set_components",
              "components": {
                "!jukebox_playable": {},
                "minecraft:item_name": "Left Click Detector",
                "minecraft:item_model": "minecraft:breeze_rod",
                "minecraft:piercing_weapon": {
                  "min_reach": 0,
                  "max_reach": 0,
                  "hitbox_margin": 0
                },
                "minecraft:enchantments": {
                  "minecraft:left_click": 1
                },
                "minecraft:tooltip_display": {
                  "hidden_components": [
                    "minecraft:enchantments"
                  ]
                }
              }
            }
          ]
        }
      ]
    }
  ]
}